Workbook

Sheet Summary
A1: AIX → AWS Migration Estimation (Summary)
A3: Input Parameters
A4: Key | B4: Description | C4: Value
A5: N_LPAR | B5: 対象LPAR数（App/DB含む）
A6: N_APP | B6: 対象アプリ数（大分類）
A7: N_MW | B7: 主要ミドル数（例: WebSphere/DB2/Oracle）
A8: DB_TB | B8: データ容量（TB）
A9: HA | B9: PowerHA相当の可用性要件（0/1）
A10: IF | B10: 外部I/F本数
A11: SEC | B11: 統制・監査強度（1=標準,2=厳格） | C11: 1
A12: PERF | B12: 性能要件（1=標準,2=高性能） | C12: 1
A13: TEAM | B13: 想定チーム人数 | C13: 2
A14: UNIT | B14: 単価（円/人日） | C14: 80000
A15: RISK | B15: リスク係数（0.8/1.0/1.2/1.5） | C15: 1
A16: BW_Gbps | B16: データ転送帯域（Gbps・参考） | C16: 1
A18: Results
A19: Metric | B19: Value | C19: Note | E19: Visual | F19: Share
A20: Phase 1 工数（人日） | B20: =Phase1!B22 | C20: MD_P1 | E20: =B20 | F20: =IF(B22>0,B20/B22,"")
A21: Phase 2 工数（人日） | B21: =Phase2!B28 | C21: MD_P2 | E21: =B21 | F21: =IF(B22>0,B21/B22,"")
A22: 合計工数（人日） | B22: =B20+B21 | C22: MD_TOTAL
A23: 想定期間（月） | B23: =IF(C13>0, B22/(C13*20), "") | C23: Duration
A24: 概算金額（円） | B24: =IF(C14>0, B22*C14, "") | C24: Cost
A25: 規模感 | B25: =IF(B22<80,"小規模",IF(B22<180,"中規模","大規模")) | C25: Size
A26: 参考：データ転送日数（概算） | B26: =IF(C16>0, (C8*8E12)/(C16*1E9*0.7)/86400, "") | C26: TransferDays

Sheet Phase1
A1: Phase 1 – ハイブリッド化（内訳）
A3: Inputs (linked from Summary)
A4: Key | B4: Value
A5: N_LPAR | B5: ='Summary'!C5
A6: N_MW | B6: ='Summary'!C7
A7: DB_TB | B7: ='Summary'!C8
A8: IF | B8: ='Summary'!C10
A9: SEC | B9: ='Summary'!C11
A10: RISK | B10: ='Summary'!C15
A12: Breakdown (Man-Days) ※データ容量は10TBを1ユニットとして計上
A13: Component | B13: Man-Days | D13: Visual
A14: Base (B_P1) | B14: =25 | D14: =B14
A15: LPAR Add (a1*max(0,N_LPAR-2)) | B15: =4*MAX(0,'Summary'!C5-2) | D15: =B15
A16: Middleware (a2*N_MW) | B16: =2*'Summary'!C7 | D16: =B16
A17: Data (a3*ceil(DB_TB/10)) | B17: =3*ROUNDUP('Summary'!C8/10,0) | D17: =B17
A18: Interfaces (a4*IF) | B18: =0.5*'Summary'!C10 | D18: =B18
A19: Governance (a5*(SEC-1)) | B19: =5*('Summary'!C11-1) | D19: =B19
A20: Risk Factor | B20: ='Summary'!C15
A22: Total (MD_P1) | B22: =(SUM(B14:B19))*B20

Sheet Phase2
A1: Phase 2 – クラウドシフト（内訳）
A3: Inputs (linked from Summary)
A4: Key | B4: Value
A5: N_LPAR | B5: ='Summary'!C5
A6: N_APP | B6: ='Summary'!C6
A7: N_MW | B7: ='Summary'!C7
A8: DB_TB | B8: ='Summary'!C8
A9: HA | B9: ='Summary'!C9
A10: IF | B10: ='Summary'!C10
A11: SEC | B11: ='Summary'!C11
A12: PERF | B12: ='Summary'!C12
A13: RISK | B13: ='Summary'!C15
A15: Breakdown (Man-Days) ※データ容量は10TBを1ユニットとして計上
A16: Component | B16: Man-Days | D16: Visual
A17: Base (B_P2) | B17: =60 | D17: =B17
A18: Applications (b1*N_APP) | B18: =15*'Summary'!C6 | D18: =B18
A19: Middleware (b2*N_MW) | B19: =8*'Summary'!C7 | D19: =B19
A20: Data (b3*ceil(DB_TB/10)) | B20: =6*ROUNDUP('Summary'!C8/10,0) | D20: =B20
A21: Interfaces (b4*IF) | B21: =1.0*'Summary'!C10 | D21: =B21
A22: HA (b5*HA) | B22: =20*'Summary'!C9 | D22: =B22
A23: Governance (b6*(SEC-1)) | B23: =10*('Summary'!C11-1) | D23: =B23
A24: Performance (b7*(PERF-1)) | B24: =15*('Summary'!C12-1) | D24: =B24
A25: LPAR Add (b8*max(0,N_LPAR-2)) | B25: =5*MAX(0,'Summary'!C5-2) | D25: =B25
A26: Risk Factor | B26: ='Summary'!C15
A28: Total (MD_P2) | B28: =(SUM(B17:B25))*B26
